{"cameraMode":{"drawMode":0,"name":"Shaded","section":"Shading Mode"},"sceneLighting":false,"audioPlay":false,"sceneViewState":{"m_AlwaysRefresh":false,"showFog":true,"showSkybox":false,"showFlares":true,"showImageEffects":true,"showParticleSystems":true,"showVisualEffectGraphs":true,"m_FxEnabled":true},"in2DMode":false,"pivot":{"x":-17.240718841552736,"y":-9.336091041564942,"z":0.9633960127830505},"rotation":{"x":0.17721179127693177,"y":-0.06107696145772934,"z":0.011019488796591759,"w":0.9822151064872742},"size":2.52724027633667,"orthographic":false}