{"cameraMode":{"drawMode":0,"name":"Shaded","section":"Shading Mode"},"sceneLighting":false,"audioPlay":false,"sceneViewState":{"m_AlwaysRefresh":false,"showFog":true,"showSkybox":false,"showFlares":true,"showImageEffects":true,"showParticleSystems":true,"showVisualEffectGraphs":true,"m_FxEnabled":true},"in2DMode":false,"pivot":{"x":0.010999977588653565,"y":1.1399998664855958,"z":0.31599998474121096},"rotation":{"x":-0.1972416341304779,"y":0.41184696555137637,"z":-0.09179790318012238,"w":-0.8849049210548401},"size":2.114368200302124,"orthographic":false}